file,document_id,document_name,attach_type,attach_size,stage,status,wall_time_sec,cpu_mean_pct,cpu_peak_pct,rss_mean,rss_peak,samples,started_at,attach_name
intel-assist-index-errors-loc-0-0.json,125538,06.12.2024,page_body,,,DONE,,,,,,,2026-07-29 12:18:14.319324+00:00,
intel-assist-index-errors-loc-0-1.json,207367,Категории аналитических запросов и подходящие графики,page_body,,,DONE,,,,,,,2026-07-29 12:18:34.322555+00:00,
intel-assist-index-errors-loc-0-10.json,226416,Мегаполис_MDM работы,pdf,8630139.0,TOKENIZING,SUB_DONE,4.861177088,0.2,0.2,53985280.0,53985280.0,1.0,2026-07-30 07:43:28.287394+00:00,etl-8MiB.pdf
intel-assist-index-errors-loc-0-10.json,226416,Мегаполис_MDM работы,pdf,8630139.0,INDEXING,SUB_DONE,53.41265408,0.2891414141414135,4.7,53868564.68686869,54394880.0,396.0,2026-07-30 07:43:28.287394+00:00,etl-8MiB.pdf
intel-assist-index-errors-loc-0-10.json,226416,Мегаполис_MDM работы,pdf,8630139.0,VECTORIZING,SUB_DONE,70.53635584,0.3205555555555558,3.2,53876781.51111111,55820288.0,180.0,2026-07-30 07:43:28.287394+00:00,etl-8MiB.pdf
intel-assist-index-errors-loc-0-10.json,226416,Мегаполис_MDM работы,pdf,8630139.0,CONVERTING,SUB_DONE,1.74231808,0.8307692307692308,3.2,53846646.15384615,53985280.0,13.0,2026-07-30 07:43:28.287394+00:00,etl-8MiB.pdf
intel-assist-index-errors-loc-0-10.json,226416,Мегаполис_MDM работы,pdf,8630139.0,EXTRACTING,SUB_DONE,0.806162176,0.0,0.0,0.0,0.0,0.0,2026-07-30 07:43:28.287394+00:00,etl-8MiB.pdf
intel-assist-index-errors-loc-0-12.json,226416,Мегаполис_MDM работы,xlsx,4220056.0,TOKENIZING,SUB_DONE,123.299567104,0.676923076923077,2.2,56691160.615384616,56819712.0,13.0,2026-07-31 19:41:30.133520+00:00,etl-4MiB.xlsx
intel-assist-index-errors-loc-0-12.json,226416,Мегаполис_MDM работы,xlsx,4220056.0,VECTORIZING,SUB_DONE,179.55936896,0.3462962962962954,4.4,53957197.95884774,55263232.0,486.0,2026-07-31 19:41:30.133520+00:00,etl-4MiB.xlsx
intel-assist-index-errors-loc-0-12.json,226416,Мегаполис_MDM работы,xlsx,4220056.0,CONVERTING,SUB_DONE,0.126259968,0.1,0.1,56213504.0,56213504.0,1.0,2026-07-31 19:41:30.133520+00:00,etl-4MiB.xlsx
intel-assist-index-errors-loc-0-12.json,226416,Мегаполис_MDM работы,xlsx,4220056.0,INDEXING,SUB_DONE,198.212899072,0.27969653179190906,4.8,55222946.77456647,56164352.0,1384.0,2026-07-31 19:41:30.133520+00:00,etl-4MiB.xlsx
intel-assist-index-errors-loc-0-12.json,226416,Мегаполис_MDM работы,xlsx,4220056.0,EXTRACTING,SUB_DONE,0.446174976,0.0,0.0,0.0,0.0,0.0,2026-07-31 19:41:30.133520+00:00,etl-4MiB.xlsx
intel-assist-index-errors-loc-0-13.json,226416,Мегаполис_MDM работы,xlsx,8437154.0,CONVERTING,SUB_DONE,0.350464,0.2,0.3,56131584.0,56131584.0,2.0,2026-07-31 19:55:16.333447+00:00,etl-8MiB.xlsx
intel-assist-index-errors-loc-0-13.json,226416,Мегаполис_MDM работы,xlsx,8437154.0,INDEXING,SUB_DONE,379.570681088,0.3389939485627891,5.3,53990417.040847205,55230464.0,2644.0,2026-07-31 19:55:16.333447+00:00,etl-8MiB.xlsx
intel-assist-index-errors-loc-0-13.json,226416,Мегаполис_MDM работы,xlsx,8437154.0,EXTRACTING,SUB_DONE,0.899736832,0.0,0.0,0.0,0.0,0.0,2026-07-31 19:55:16.333447+00:00,etl-8MiB.xlsx
intel-assist-index-errors-loc-0-13.json,226416,Мегаполис_MDM работы,xlsx,8437154.0,TOKENIZING,SUB_DONE,245.774759168,0.0,0.0,56442880.0,56442880.0,1.0,2026-07-31 19:55:16.333447+00:00,etl-8MiB.xlsx
intel-assist-index-errors-loc-0-13.json,226416,Мегаполис_MDM работы,xlsx,8437154.0,VECTORIZING,SUB_DONE,391.355606016,0.3231514084507052,5.1,58137124.05633803,61390848.0,1136.0,2026-07-31 19:55:16.333447+00:00,etl-8MiB.xlsx
intel-assist-index-errors-loc-0-14.json,226416,Мегаполис_MDM работы,xlsx,16871450.0,EXTRACTING,SUB_DONE,1.434779136,0.0,0.0,0.0,0.0,0.0,2026-07-31 20:16:42.501377+00:00,etl-16MiB.xlsx
intel-assist-index-errors-loc-0-14.json,226416,Мегаполис_MDM работы,xlsx,16871450.0,CONVERTING,SUB_DONE,0.381878016,0.1,0.1,54460416.0,54460416.0,2.0,2026-07-31 20:16:42.501377+00:00,etl-16MiB.xlsx
intel-assist-index-errors-loc-0-14.json,226416,Мегаполис_MDM работы,xlsx,16871450.0,VECTORIZING,SUB_DONE,794.58538112,0.3075901328273277,5.5,54124116.52371916,55001088.0,2108.0,2026-07-31 20:16:42.501377+00:00,etl-16MiB.xlsx
intel-assist-index-errors-loc-0-14.json,226416,Мегаполис_MDM работы,xlsx,16871450.0,INDEXING,SUB_DONE,689.33663104,0.3047219307450105,5.8,55783332.02266527,59490304.0,4765.0,2026-07-31 20:16:42.501377+00:00,etl-16MiB.xlsx
intel-assist-index-errors-loc-0-14.json,226416,Мегаполис_MDM работы,xlsx,16871450.0,TOKENIZING,SUB_DONE,482.94603904,3.5,3.5,55754752.0,55754752.0,1.0,2026-07-31 20:16:42.501377+00:00,etl-16MiB.xlsx
intel-assist-index-errors-loc-0-15.json,226416,Мегаполис_MDM работы,xlsx,1057255.0,EXTRACTING,SUB_DONE,0.296496896,0.0,0.0,0.0,0.0,0.0,2026-07-31 21:16:24.206637+00:00,etl-1MiB.xlsx
intel-assist-index-errors-loc-0-15.json,226416,Мегаполис_MDM работы,xlsx,1057255.0,INDEXING,SUB_DONE,58.533552128,0.30845410628019215,4.5,81371808.77294686,81575936.0,414.0,2026-07-31 21:16:24.206637+00:00,etl-1MiB.xlsx
intel-assist-index-errors-loc-0-15.json,226416,Мегаполис_MDM работы,xlsx,1057255.0,TOKENIZING,SUB_DONE,3.983192064,0.2,0.2,79937536.0,79937536.0,1.0,2026-07-31 21:16:24.206637+00:00,etl-1MiB.xlsx
intel-assist-index-errors-loc-0-15.json,226416,Мегаполис_MDM работы,xlsx,1057255.0,CONVERTING,SUB_DONE,0.113159936,0.0,0.0,79937536.0,79937536.0,1.0,2026-07-31 21:16:24.206637+00:00,etl-1MiB.xlsx
intel-assist-index-errors-loc-0-15.json,226416,Мегаполис_MDM работы,xlsx,1057255.0,VECTORIZING,SUB_DONE,48.125259008,0.3530201342281882,3.2,80366049.07382551,80592896.0,149.0,2026-07-31 21:16:24.206637+00:00,etl-1MiB.xlsx
intel-assist-index-errors-loc-0-16.json,226416,Мегаполис_MDM работы,xlsx,33742027.0,EXTRACTING,SUB_DONE,2.303891968,0.0,0.0,0.0,0.0,0.0,2026-07-31 21:25:23.920391+00:00,etl-32MiB.xlsx
intel-assist-index-errors-loc-0-16.json,226416,Мегаполис_MDM работы,xlsx,33742027.0,TOKENIZING,SUB_DONE,105.493400832,0.19999999999999998,0.5,97484800.0,97484800.0,4.0,2026-07-31 21:25:23.920391+00:00,etl-32MiB.xlsx
intel-assist-index-errors-loc-0-16.json,226416,Мегаполис_MDM работы,xlsx,33742027.0,VECTORIZING,SUB_DONE,1891.949427968,0.29849564528899697,5.3,54708173.732383214,55984128.0,3789.0,2026-07-31 21:25:23.920391+00:00,etl-32MiB.xlsx
intel-assist-index-errors-loc-0-16.json,226416,Мегаполис_MDM работы,xlsx,33742027.0,CONVERTING,SUB_DONE,0.764824064,0.125,0.2,97419264.0,97419264.0,4.0,2026-07-31 21:25:23.920391+00:00,etl-32MiB.xlsx
intel-assist-index-errors-loc-0-16.json,226416,Мегаполис_MDM работы,xlsx,33742027.0,INDEXING,SUB_DONE,1278.192980992,0.3157072273928383,6.4,60096852.74503045,60538880.0,8703.0,2026-07-31 21:25:23.920391+00:00,etl-32MiB.xlsx
intel-assist-index-errors-loc-0-2.json,226416,Мегаполис_MDM работы,docx,17667046.0,INDEXING,SUB_DONE,310.897158912,0.5410112359550572,6.1,53460761.88764045,54624256.0,2136.0,2026-07-29 12:25:52.100890+00:00,etl-16MiB.docx
intel-assist-index-errors-loc-0-2.json,226416,Мегаполис_MDM работы,docx,17667046.0,VECTORIZING,SUB_DONE,1008.188406016,0.4445554445554458,6.1,55386087.448551446,67043328.0,1001.0,2026-07-29 12:25:52.100890+00:00,etl-16MiB.docx
intel-assist-index-errors-loc-0-2.json,226416,Мегаполис_MDM работы,docx,17667046.0,TOKENIZING,SUB_DONE,21.920247808,0.125,0.3,66781184.0,66781184.0,4.0,2026-07-29 12:25:52.100890+00:00,etl-16MiB.docx
intel-assist-index-errors-loc-0-2.json,226416,Мегаполис_MDM работы,docx,17667046.0,EXTRACTING,SUB_DONE,1.522144,0.0,0.0,0.0,0.0,0.0,2026-07-29 12:25:52.100890+00:00,etl-16MiB.docx
intel-assist-index-errors-loc-0-2.json,226416,Мегаполис_MDM работы,docx,17667046.0,CONVERTING,SUB_DONE,11.81527808,0.6233333333333336,6.2,66593678.222222224,66715648.0,90.0,2026-07-29 12:25:52.100890+00:00,etl-16MiB.docx
intel-assist-index-errors-loc-0-21.json,226416,Мегаполис_MDM работы,pdf,8630139.0,INDEXING,SUB_DONE,36.763538944,0.3823008849557521,3.8,53125699.96460177,53821440.0,226.0,2026-08-03 06:48:06.596744+00:00,etl-8MiB.pdf
intel-assist-index-errors-loc-0-21.json,226416,Мегаполис_MDM работы,pdf,8630139.0,EXTRACTING,SUB_DONE,0.772632832,0.0,0.0,0.0,0.0,0.0,2026-08-03 06:48:06.596744+00:00,etl-8MiB.pdf
intel-assist-index-errors-loc-0-21.json,226416,Мегаполис_MDM работы,pdf,8630139.0,CONVERTING,SUB_DONE,1.85884288,0.607142857142857,4.4,53084160.0,53264384.0,14.0,2026-08-03 06:48:06.596744+00:00,etl-8MiB.pdf
intel-assist-index-errors-loc-0-21.json,226416,Мегаполис_MDM работы,pdf,8630139.0,VECTORIZING,SUB_DONE,89.941081088,0.5302904564315348,5.9,50442664.89626556,53985280.0,241.0,2026-08-03 06:48:06.596744+00:00,etl-8MiB.pdf
intel-assist-index-errors-loc-0-21.json,226416,Мегаполис_MDM работы,pdf,8630139.0,TOKENIZING,SUB_DONE,3.23723008,0.3166666666666667,0.7,53340842.666666664,53411840.0,6.0,2026-08-03 06:48:06.596744+00:00,etl-8MiB.pdf
intel-assist-index-errors-loc-0-22.json,226416,Мегаполис_MDM работы,xlsx,2111507.0,VECTORIZING,SUB_DONE,117.913698048,0.3910514541387018,4.4,54034908.49217002,56311808.0,447.0,2026-08-03 15:23:08.334294+00:00,etl-2MiB.xlsx
intel-assist-index-errors-loc-0-22.json,226416,Мегаполис_MDM работы,xlsx,2111507.0,TOKENIZING,SUB_DONE,9.667180032,0.2625,1.0,56692736.0,56803328.0,8.0,2026-08-03 15:23:08.334294+00:00,etl-2MiB.xlsx
intel-assist-index-errors-loc-0-22.json,226416,Мегаполис_MDM работы,xlsx,2111507.0,CONVERTING,SUB_DONE,0.236937984,0.30000000000000004,0.4,56688640.0,56688640.0,2.0,2026-08-03 15:23:08.334294+00:00,etl-2MiB.xlsx
intel-assist-index-errors-loc-0-22.json,226416,Мегаполис_MDM работы,xlsx,2111507.0,EXTRACTING,SUB_DONE,0.534193152,0.0,0.0,0.0,0.0,0.0,2026-08-03 15:23:08.334294+00:00,etl-2MiB.xlsx
intel-assist-index-errors-loc-0-22.json,226416,Мегаполис_MDM работы,xlsx,2111507.0,INDEXING,SUB_DONE,82.920557056,0.32174757281553285,4.9,58429734.27572816,61489152.0,515.0,2026-08-03 15:23:08.334294+00:00,etl-2MiB.xlsx
intel-assist-index-errors-loc-0-3.json,226416,Мегаполис_MDM работы,pdf,17260694.0,VECTORIZING,SUB_DONE,152.424105984,0.44147157190635433,5.1,49978597.45819398,50839552.0,299.0,2026-07-29 16:31:47.747476+00:00,etl-16MiB.pdf
intel-assist-index-errors-loc-0-3.json,226416,Мегаполис_MDM работы,pdf,17260694.0,INDEXING,SUB_DONE,89.988613888,0.4480672268907554,4.9,48664087.23361345,49709056.0,595.0,2026-07-29 16:31:47.747476+00:00,etl-16MiB.pdf
intel-assist-index-errors-loc-0-3.json,226416,Мегаполис_MDM работы,pdf,17260694.0,TOKENIZING,SUB_DONE,11.233328128,0.2777777777777778,0.7,50364416.0,50364416.0,9.0,2026-07-29 16:31:47.747476+00:00,etl-16MiB.pdf
intel-assist-index-errors-loc-0-3.json,226416,Мегаполис_MDM работы,pdf,17260694.0,EXTRACTING,SUB_DONE,2.101154048,0.0,0.0,0.0,0.0,0.0,2026-07-29 16:31:47.747476+00:00,etl-16MiB.pdf
intel-assist-index-errors-loc-0-3.json,226416,Мегаполис_MDM работы,pdf,17260694.0,CONVERTING,SUB_DONE,3.109683968,0.618181818181818,2.9,50311540.36363637,50315264.0,22.0,2026-07-29 16:31:47.747476+00:00,etl-16MiB.pdf
intel-assist-index-errors-loc-0-5.json,226416,Мегаполис_MDM работы,docx,1105651.0,CONVERTING,SUB_DONE,0.931688192,0.7000000000000001,2.3,50151424.0,50151424.0,7.0,2026-07-29 16:38:46.585186+00:00,etl-1MiB.docx
intel-assist-index-errors-loc-0-5.json,226416,Мегаполис_MDM работы,docx,1105651.0,TOKENIZING,SUB_DONE,1.472657152,0.4,0.4,50151424.0,50151424.0,1.0,2026-07-29 16:38:46.585186+00:00,etl-1MiB.docx
intel-assist-index-errors-loc-0-5.json,226416,Мегаполис_MDM работы,docx,1105651.0,EXTRACTING,SUB_DONE,0.377179904,0.0,0.0,0.0,0.0,0.0,2026-07-29 16:38:46.585186+00:00,etl-1MiB.docx
intel-assist-index-errors-loc-0-5.json,226416,Мегаполис_MDM работы,docx,1105651.0,INDEXING,SUB_DONE,15.946042112,0.49230769230769267,5.1,48471591.384615384,48578560.0,104.0,2026-07-29 16:38:46.585186+00:00,etl-1MiB.docx
intel-assist-index-errors-loc-0-5.json,226416,Мегаполис_MDM работы,docx,1105651.0,VECTORIZING,SUB_DONE,63.686158848,0.4576923076923081,5.0,50247522.461538464,50315264.0,52.0,2026-07-29 16:38:46.585186+00:00,etl-1MiB.docx
intel-assist-index-errors-loc-0-6.json,226416,Мегаполис_MDM работы,pdf,1079037.0,INDEXING,SUB_DONE,5.623380992,0.5315789473684212,3.5,50182036.21052632,50298880.0,38.0,2026-07-29 16:39:11.939749+00:00,etl-1MiB.pdf
intel-assist-index-errors-loc-0-6.json,226416,Мегаполис_MDM работы,pdf,1079037.0,EXTRACTING,SUB_DONE,0.298084096,0.0,0.0,0.0,0.0,0.0,2026-07-29 16:39:11.939749+00:00,etl-1MiB.pdf
intel-assist-index-errors-loc-0-6.json,226416,Мегаполис_MDM работы,pdf,1079037.0,VECTORIZING,SUB_DONE,10.571590912,0.6272727272727272,3.2,50660072.72727273,50692096.0,22.0,2026-07-29 16:39:11.939749+00:00,etl-1MiB.pdf
intel-assist-index-errors-loc-0-6.json,226416,Мегаполис_MDM работы,pdf,1079037.0,CONVERTING,SUB_DONE,0.293590016,1.4000000000000001,2.6,48685056.0,48824320.0,2.0,2026-07-29 16:39:11.939749+00:00,etl-1MiB.pdf
intel-assist-index-errors-loc-0-6.json,226416,Мегаполис_MDM работы,pdf,1079037.0,TOKENIZING,SUB_DONE,0.778660096,0.1,0.1,49954816.0,49954816.0,1.0,2026-07-29 16:39:11.939749+00:00,etl-1MiB.pdf
intel-assist-index-errors-loc-0-8.json,226416,Мегаполис_MDM работы,docx,4418028.0,TOKENIZING,SUB_DONE,291.431915008,0.52,0.9,60030976.0,60030976.0,5.0,2026-07-29 20:00:03.019487+00:00,etl-4MiB.docx
intel-assist-index-errors-loc-0-8.json,226416,Мегаполис_MDM работы,docx,4418028.0,CONVERTING,SUB_DONE,7.633728768,1.4929824561403513,10.0,62269835.22807018,62504960.0,57.0,2026-07-29 20:00:03.019487+00:00,etl-4MiB.docx
intel-assist-index-errors-loc-0-8.json,226416,Мегаполис_MDM работы,docx,4418028.0,EXTRACTING,SUB_DONE,0.606848,0.0,0.0,0.0,0.0,0.0,2026-07-29 20:00:03.019487+00:00,etl-4MiB.docx
intel-assist-index-errors-loc-0-8.json,226416,Мегаполис_MDM работы,docx,4418028.0,VECTORIZING,SUB_DONE,433.87864576,0.6817796610169489,8.2,61015265.62711865,61374464.0,236.0,2026-07-29 20:00:03.019487+00:00,etl-4MiB.docx
intel-assist-index-errors-loc-0-8.json,226416,Мегаполис_MDM работы,docx,4418028.0,INDEXING,SUB_DONE,60.988610048,0.7419203747072588,8.4,60121337.405152224,61341696.0,427.0,2026-07-29 20:00:03.019487+00:00,etl-4MiB.docx
intel-assist-index-errors-loc-0-9.json,226416,Мегаполис_MDM работы,docx,8834588.0,INDEXING,SUB_DONE,154.51003008,0.29707705934455364,5.7,53577726.18600532,54034432.0,1129.0,2026-07-30 07:10:29.382628+00:00,etl-8MiB.docx
intel-assist-index-errors-loc-0-9.json,226416,Мегаполис_MDM работы,docx,8834588.0,TOKENIZING,SUB_DONE,10.457893888,0.16666666666666666,0.3,51363840.0,51363840.0,3.0,2026-07-30 07:10:29.382628+00:00,etl-8MiB.docx
intel-assist-index-errors-loc-0-9.json,226416,Мегаполис_MDM работы,docx,8834588.0,CONVERTING,SUB_DONE,6.030913024,0.6020000000000001,4.0,54341795.84,56164352.0,50.0,2026-07-30 07:10:29.382628+00:00,etl-8MiB.docx
intel-assist-index-errors-loc-0-9.json,226416,Мегаполис_MDM работы,docx,8834588.0,VECTORIZING,SUB_DONE,444.1359232,0.28277634961439535,3.2,54929739.681233935,55853056.0,389.0,2026-07-30 07:10:29.382628+00:00,etl-8MiB.docx
intel-assist-index-errors-loc-0-9.json,226416,Мегаполис_MDM работы,docx,8834588.0,EXTRACTING,SUB_DONE,1.06283392,0.0,0.0,0.0,0.0,0.0,2026-07-30 07:10:29.382628+00:00,etl-8MiB.docx
